,单价,地址,小区,年份,总价,户型,朝向,标题,楼层,面积
0,30151,关山-关山大道与南湖大道交汇处(光谷沃尔玛旁),光谷坐标城九台,南向,600.0,叠加,199�O,城中别墅 带花园!带车位 急售 您还在犹豫什么 欢迎您随时看房,花园：130.0平米,卧室：5个
1,63333,光谷东-高新大道789号(东湖新技术开发区高新大道与,驿山高尔夫,北向,1900.0,双拼,300�O,"驿山高尔夫,双拼,赠送668平米大院子,纯毛坯,总价便宜!",花园：668.0平米,卧室：4个
2,19926,光谷东-花山生态新城严西湖大桥东侧桥头(花城大道与花,碧桂园生态城别墅,南向,540.0,双拼,271�O,"花山生态新城,建面271平,花园200平,大户双拼美墅",花园：200.0平米,卧室：6个
3,18182,民族大道-江夏大道特一号庙山开发区,玉龙岛花园别墅,南向,360.0,双拼,198�O,保利十二橡树庄园玉龙岛花园居家豪华装修双拼别墅,花园：300.0平米,卧室：5个
4,24077,光谷东-花山生态新城严西湖大桥东侧桥头(花城大道与花,碧桂园生态城别墅,南向,1500.0,双拼,623�O,"碧桂园生态城好房源,阳光充足空气清新,适合居家过日子",花园：1000.0平米,卧室：4个
5,20792,光谷东-花山生态新城严西湖大桥东侧桥头(花城大道与花,碧桂园生态城别墅,南向,420.0,联排,202�O,专注别墅 Du家一手价格 低于市价 美墅双拼,无花园,卧室：3个
6,19742,光谷东-花山生态新城严西湖大桥东侧桥头(花城大道与花,碧桂园生态城别墅,南向,535.0,双拼,271�O,300平大院子 碧桂园桃花源别墅 一期别墅 证满两年 环境优美,无花园,卧室：5个
7,35448,关山-关山大道与南湖大道交汇处(光谷沃尔玛旁),九台别墅,北向,900.0,叠加,253.89�O,"光谷天地九台别墅,闹中取静,户型好,诚心出售!",花园：88.0平米,卧室：6个
8,37266,关山-关山大道与南湖大道交汇处(光谷沃尔玛旁),光谷坐标城九台,南向,560.0,双拼,150.27�O,"坐标城九台别墅,带院子和车位,附加100平地下室",无花园,卧室：3个
9,32461,金融港-大学园路1号(万科城市花园东南端),万科红郡别墅,南向,620.0,叠加,191�O,"万科红郡别墅,C户型,满两年,毛坯房,设计梦想的家,您的家!",花园：200.0平米,卧室：5个
10,19075,光谷东-花山生态新城严西湖大桥东侧桥头(花城大道与花,碧桂园生态城别墅,南向,330.0,双拼,173�O,碧桂园生态城联排别墅诚心出售随时看房,花园：50.0平米,卧室：4个
11,21429,民族大道-江夏大道特一号庙山开发区,玉龙岛花园别墅,南向,600.0,双拼,280�O,双拼别墅 带车位 花园300平 有钥匙 随时看房,无花园,卧室：5个
12,18051,光谷东-花山生态新城严西湖大桥东侧桥头(花城大道与花,碧桂园生态城别墅,南向,500.0,双拼,277�O,碧桂园生态城满两年 双拼别墅 产权清晰诚意出售随时看看,花园：300.0平米,卧室：5个
13,29337,民族大道-天际路与庙山中路交汇处(华师一附中以西600,名湖豪庭珑御,南向,575.0,叠加,196�O,"名湖豪庭 自住别墅精美装修 三层 前后花园 满二无税,随时看",无花园,卧室：5个
14,20115,光谷东-花山生态新城严西湖大桥东侧桥头(花城大道与花,碧桂园生态城别墅,南向,350.0,联排,174�O,碧桂园专盘 经典联排别墅 全区Zui底价 满2年可少税 欢迎,无花园,卧室：4个
15,30837,关山-关山大道与南湖大道交汇处(光谷沃尔玛旁),光谷坐标城九台,南向,700.0,叠加,227�O,"九台别墅,大露台,毛坯房,六室三厅",花园：60.0平米,卧室：6个
16,32121,民族大道-天际路与庙山中路交汇处(华师一附中以西600,名湖豪庭珑御,南向,530.0,叠加,165�O,名湖豪庭 叠加上叠别墅 60万豪装 送车位,无花园,卧室：4个
17,19412,光谷东-花山生态新城严西湖大桥东侧桥头(花城大道与花,碧桂园生态城别墅,南向,330.0,联排,170�O,碧桂园生态城钻石联排鸟语花香高品质生活的源泉,花园：80.0平米,卧室：4个
18,18421,民族大道-大学园路37(庙山经济开发区汤逊湖旁),清风别墅,南向,350.0,联排,190�O,清风别墅 联排边户豪装7房 满五无税 带车库和100平花园,花园：100.0平米,卧室：6个
19,27313,关山-关山大道与南湖大道交汇处(光谷沃尔玛旁),光谷坐标城九台,南向,620.0,叠加,227�O,"坐标城九台电梯别墅,带院子,附加100平地下室 清水毛坯",花园：50.0平米,卧室：6个
20,40223,金融港-大学园路1号(万科城市花园东南端),万科红郡别墅,南向,720.0,叠加,179�O,"万科红郡急售别墅,用我的专业给您:省时、省心、省力购房体验!",花园：200.0平米,卧室：4个
21,29492,关山-关山大道与南湖大道交汇处(光谷沃尔玛旁),九台别墅,南向,755.0,叠加,256�O,"因为急售,所有便宜,九台毛坯经典户型,满两年",花园：120.0平米,卧室：6个
22,41737,光谷东-高新大道789号(东湖新技术开发区高新大道与,驿山高尔夫,南向,985.0,联排,236�O,驿山别墅 中建光谷之星 驿山高尔夫 低密度奢华别墅,花园：50.0平米,卧室：5个
23,18051,光谷东-花山生态新城严西湖大桥东侧桥头(花城大道与花,碧桂园生态城别墅,南向,500.0,双拼,277�O,碧桂园生态城满两年 双拼别墅 产权清晰诚意出售随时看看,花园：300.0平米,卧室：5个
24,23000,光谷东-花山生态新城严西湖大桥东侧桥头(花城大道与花,碧桂园生态城别墅,东向,368.0,联排,160�O,碧桂园生态城桃花源别墅 产权清晰 交易便捷,无花园,卧室：3个
25,23952,民族大道-天际路与庙山中路交汇处(华师一附中以西600,名湖豪庭珑御,南向,400.0,叠加,167�O,韵湖公园全小区醉便宜的联排别墅满二甩卖了业主求有缘人,花园：50.0平米,卧室：5个
26,35714,关山-关山大道与南湖大道交汇处(光谷沃尔玛旁),光谷坐标城九台,南向,900.0,双拼,252�O,新上+252上叠户型+送一层露台+5年专盘经验+房源多+欢迎致电详询,花园：60.0平米,卧室：6个
27,20231,光谷东-花山生态新城严西湖大桥东侧桥头(花城大道与花,碧桂园生态城别墅,南向,350.0,双拼,173�O,"所有人都在观望的时候, 你敢出手吗!碧桂园生态城联排别墅",无花园,卧室：3个
28,23077,光谷东-花山生态新城严西湖大桥东侧桥头(花城大道与花,碧桂园生态城别墅,南向,420.0,联排,182�O,碧桂园生态城钻石双拼地铁贯通光谷线路软件新城商业发达医疗发达,花园：100.0平米,卧室：4个
29,16970,民族大道-江夏大道特一号庙山开发区,玉龙岛花园别墅,南向,280.0,联排,165�O,玉龙岛联排别墅165平米280万两证齐全满五年100平米花园,花园：100.0平米,卧室：4个
30,24194,光谷东-花山生态新城严西湖大桥东侧桥头(花城大道与花,碧桂园生态城别墅,南向,1500.0,双拼,620�O,"碧桂园生态城独栋别墅,一庄藏古今,一园观天下。随时看房",花园：1000.0平米,卧室：4个
31,23810,光谷东-花山生态新城严西湖大桥东侧桥头(花城大道与花,碧桂园生态城别墅,南向,550.0,双拼,231�O,专盘 碧桂园生态城 花园别墅 业主出售!!,花园：150.0平米,卧室：1个
32,32143,民族大道-武汉市东湖高新区华师一附中西侧(汤逊湖北路与,光谷地产湾郡别墅,南向,405.0,联排,126�O,十二橡树旁湾郡联排别墅 证满无税 随时看房,花园：100.0平米,卧室：5个
33,30044,关山-关山大道与南湖大道交汇处(光谷沃尔玛旁),光谷坐标城九台,南向,685.0,叠加,228�O,坐标城九台别墅 采光好 上叠 视野开阔 诚心出售 看房方便,花园：100.0平米,卧室：5个
34,19048,民族大道-大学园路37(庙山经济开发区汤逊湖旁),清风别墅,东向,360.0,联排,189�O,"拎包入住,省下装修费用,满两年,有天有地,有轨电车",花园：80.0平米,卧室：4个
35,30857,民族大道-民族大道与汤逊湖北路交汇处以西200米,中冶南方韵湖首府别墅,南向,540.0,联排,175�O,韵湖首府 联排边户别墅 带两地下车位 送大露台 纯毛坯 有钥匙,花园：200.0平米,卧室：6个
36,20172,光谷东-花山生态新城严西湖大桥东侧桥头(花城大道与花,碧桂园生态城别墅,南向,468.0,双拼,232�O,"买碧桂园生态城别墅,房源多服务好给你不一样",花园：150.0平米,卧室：3个
37,32800,民族大道-武汉市东湖高新区华师一附中西侧(汤逊湖北路与,光谷地产湾郡别墅,南向,410.0,联排,125�O,光谷地产湾郡:新华师一+湿地公园 联排精装别墅,花园：60.0平米,卧室：4个
38,30837,关山-关山大道与南湖大道交汇处(光谷沃尔玛旁),光谷坐标城九台,南向,700.0,叠加,227�O,"九台别墅,大露台,毛坯房,六室三厅",花园：60.0平米,卧室：6个
39,24285,光谷东-花山生态新城严西湖大桥东侧桥头(花城大道与花,碧桂园生态城别墅,南向,550.0,双拼,226.48�O,光谷东 碧桂园生态城别墅 200万豪装 边户大花园 拎包入住,花园：180.0平米,卧室：5个
40,17986,光谷东-花山生态新城严西湖大桥东侧桥头(花城大道与花,碧桂园生态城别墅,东向,500.0,双拼,278�O,碧桂园生态城桃花源 毛坯别墅 边户三面花园 满两年,无花园,卧室：5个
41,20346,光谷东-花山生态新城严西湖大桥东侧桥头(花城大道与花,碧桂园生态城别墅,北向,470.0,双拼,231�O,碧桂园生态城钻石双拼地铁贯通光谷线路软件新城商业发达医疗,花园：180.0平米,卧室：5个
42,19457,光谷东-花山生态新城严西湖大桥东侧桥头(花城大道与花,碧桂园生态城别墅,北向,450.0,双拼,231.28�O,双拼三面独院大别墅 满两年视野开阔 朝向好 户型方正 包你满意,花园：200.0平米,卧室：4个
43,39474,关山-关山大道与南湖大道交汇处(光谷沃尔玛旁),光谷坐标城九台,南向,750.0,叠加,190�O,"精装九台别墅,人好房好位置好,随时看房",花园：60.0平米,卧室：5个
44,32121,民族大道-民族大道与庙山中路交汇处以西1公里(湿地公园,天祥尚府博墅,东向,530.0,联排,165�O,洪山周边汤逊湖旁 证满两年 南入户 随时看房,花园：100.0平米,卧室：4个
45,28571,关山-关山大道与南湖大道交汇处(光谷沃尔玛旁),光谷坐标城九台,南向,620.0,联排,217�O,城中别墅+带前后大花园+东边户+2楼送露台+欢迎实地看房,花园：120.0平米,卧室：6个
46,22566,光谷东-花山生态新城严西湖大桥东侧桥头(花城大道与花,碧桂园生态城别墅,东向,510.0,双拼,226�O,碧桂园生态城钻石双拼地铁贯通光谷线路软件新城商业发达医疗,花园：120.0平米,卧室：4个
47,26667,关山-关山大道与南湖大道交汇处(光谷沃尔玛旁),九台别墅,北向,600.0,叠加,225�O,"九台别墅!繁华地段,自带光谷天地商圈,经典重现,毛坯房,新推",无花园,卧室：6个
48,35448,关山-关山大道与南湖大道交汇处(光谷沃尔玛旁),九台别墅,北向,900.0,叠加,253.89�O,"光谷天地九台别墅,闹中取静,户型好,诚心出售!",花园：88.0平米,卧室：6个
49,29143,民族大道-民族大道与汤逊湖北路交汇处以西200米,中冶南方韵湖首府别墅,东向,510.0,联排,175�O,光谷汤逊湖枫叶国际旁韵湖首俯 联排别墅边户 带地下室花园车位,花园：120.0平米,卧室：5个
50,21186,光谷东-花山生态新城严西湖大桥东侧桥头(花城大道与花,碧桂园生态城别墅,南向,500.0,联排,236�O,碧桂园生态城装修全送 房子着急处理 诚心出售 看房方便,无花园,卧室：4个
51,35979,关山-关山大道与南湖大道交汇处(光谷沃尔玛旁),光谷坐标城九台,南向,680.0,叠加,189�O,光谷坐标城九台别墅 院子朝南 南入户 上下三层带地下,花园：80.0平米,卧室：6个
52,41958,光谷东-高新大道789号(东湖新技术开发区高新大道与,驿山高尔夫,南向,1200.0,联排,286�O,土豪看过来700平豪华联排 四层边户纯毛坯 送花园地下室,花园：700.0平米,卧室：4个
53,16842,民族大道-大学园路37(庙山经济开发区汤逊湖旁),清风别墅,南向,320.0,联排,190�O,二线临湖联排清风别墅189户型 已做现浇使用面积330平 满二无税,花园：150.0平米,卧室：5个
54,29032,关山-关山大道与南湖大道交汇处(光谷沃尔玛旁),光谷坐标城九台,南向,630.0,叠加,217�O,"观望一次一次,朋友,是不是还要重复昨天的故事?",花园：70.0平米,卧室：6个
55,19704,光谷东-花山生态新城严西湖大桥东侧桥头(花城大道与花,碧桂园生态城别墅,南向,400.0,双拼,203�O,202平双拼别墅 使用面积300平 花园200平 南入户 满二无税 随时看,花园：180.0平米,卧室：4个
56,32472,光谷东-花山生态新城严西湖大桥东侧桥头(花城大道与花,碧桂园生态城别墅,南向,880.0,双拼,271�O,专盘 碧桂园生态城 豪装五房别墅 送400万装修 带家具家电,花园：170.0平米,卧室：5个
57,24286,光谷-珞喻东路马鞍山森林公园以南(关东园五路与光谷,葛洲坝卡尔顿庄园,南向,680.0,联排,280�O,关山恒大华府旁 三环内别墅群 葛洲坝卡尔顿庄园 满两年 急售,无花园,卧室：6个
58,36424,关山-关山大道与南湖大道交汇处(光谷沃尔玛旁),光谷坐标城九台,南向,550.0,叠加,151�O,上新!软件园+沃尔玛+有轨站+LIU小实验ZHONGXUE 九台别墅 舒适享,花园：100.0平米,卧室：4个
59,30837,关山-关山大道与南湖大道交汇处(光谷沃尔玛旁),光谷坐标城九台,北向,700.0,叠加,227�O,新上+三环内+沃尔玛旁+九台别墅+上叠+送大露台+满二无税+急售,无花园,卧室：6个
60,34562,关山-关山大道与南湖大道交汇处(光谷沃尔玛旁),光谷坐标城九台,南向,750.0,叠加,217�O,关山大道.九台别墅.环境优美.生活便利,花园：80.0平米,卧室：5个
61,20348,光谷东-花山生态新城严西湖大桥东侧桥头(花城大道与花,碧桂园生态城别墅,东向,468.0,双拼,230�O,专盘/碧桂园生态城 双拼别墅 230�O 468万 满两年 诚心出售,无花园,卧室：5个
62,30044,关山-关山大道与南湖大道交汇处(光谷沃尔玛旁),光谷坐标城九台,南向,685.0,叠加,228�O,坐标城九台别墅 采光好 上叠 视野开阔 诚心出售 看房方便,花园：100.0平米,卧室：5个
63,20536,光谷东-花山生态新城严西湖大桥东侧桥头(花城大道与花,碧桂园生态城别墅,东向,460.0,双拼,224�O,"碧桂园生态城223平米,花园180平,双拼大别墅,一楼带父母房!",无花园,卧室：5个
64,33649,金融港-大学园路1号(万科城市花园东南端),万科红郡别墅,南向,498.0,联排,148�O,新上+万科红郡别墅+低调奢华+下叠+2双+急售,无花园,卧室：4个
65,22511,光谷东-花山生态新城严西湖大桥东侧桥头(花城大道与花,碧桂园生态城别墅,北向,520.0,双拼,231�O,产证满二 中式装修豪华家具 严西湖装修双拼大别墅 边户院子大,花园：200.0平米,卧室：5个
66,23077,光谷东-花山生态新城严西湖大桥东侧桥头(花城大道与花,碧桂园生态城别墅,南向,420.0,联排,182�O,碧桂园生态城钻石双拼地铁贯通光谷线路软件新城商业发达医疗发达,花园：100.0平米,卧室：4个
67,30044,关山-关山大道与南湖大道交汇处(光谷沃尔玛旁),光谷坐标城九台,南向,685.0,叠加,228�O,坐标城九台别墅 采光好 上叠 视野开阔 诚心出售 看房方便,花园：100.0平米,卧室：5个
68,18248,光谷东-花山生态新城严西湖大桥东侧桥头(花城大道与花,碧桂园生态城别墅,南向,500.0,双拼,274�O,"人在庄园走,心在画中游183平410万,诚心出售碧桂园生态城",花园：300.0平米,卧室：5个
69,40833,金融港-大学园路1号(万科城市花园东南端),万科红郡别墅,北向,710.0,叠加,173.88�O,"万科红郡赖墅,居家自住200万装修,送两个车位,仅需710万",花园：60.0平米,卧室：4个
70,20287,光谷东-花山生态新城严西湖大桥东侧桥头(花城大道与花,碧桂园生态城别墅,南向,550.0,双拼,271.11�O,德佑张金秋真.房源 碧桂园生态城叠翠台双拼别墅有钥匙 产证齐,花园：100.0平米,卧室：4个
71,20959,光谷东-花山生态新城严西湖大桥东侧桥头(花城大道与花,碧桂园生态城别墅,南向,568.0,双拼,271�O,碧桂园生态城 270蕞好户型双拼 268万只此一栋 决版户,花园：248.0平米,卧室：6个
72,37879,民族大道-民族大道与汤逊湖北路交汇处以西200米,中冶南方韵湖首府别墅,南向,750.0,联排,198�O,保利十二橡树旁边 双拼别墅 环境好 朝南大花园 地下室带车位,花园：200.0平米,卧室：5个
73,24077,光谷东-花山生态新城严西湖大桥东侧桥头(花城大道与花,碧桂园生态城别墅,东向,1500.0,双拼,623�O,碧桂园生态城钻石双拼医疗发达地铁贯穿光谷至汉口软件新城商业,花园：900.0平米,卧室：6个
74,18857,光谷东-花山生态新城严西湖大桥东侧桥头(花城大道与花,碧桂园生态城别墅,南向,330.0,联排,175�O,"轻松掌握,唯美品味,房主急售,花山碧桂园联排别墅",花园：50.0平米,卧室：4个
75,26455,光谷东-花山生态新城严西湖大桥东侧桥头(花城大道与花,碧桂园生态城别墅,南向,600.0,双拼,226.8�O,满二急售!碧桂园生态城别墅 200万豪装 边户大花园 拎包入住!,花园：200.0平米,卧室：5个
76,44693,金融港-大学园路1号(万科城市花园东南端),万科红郡别墅,南向,800.0,叠加,179�O,"万科红郡赖墅,居家自住300万装修,送两个车位,求实力客户",花园：60.0平米,卧室：5个
77,22289,光谷东-花山生态新城严西湖大桥东侧桥头(花城大道与花,碧桂园生态城别墅,南向,450.0,双拼,201.89�O,满两年双拼大别墅 202平朝南大院子 采光视野佳 没贷款 产权清晰,花园：200.0平米,卧室：3个
78,18182,光谷东-花山生态新城严西湖大桥东侧桥头(花城大道与花,碧桂园生态城别墅,南向,500.0,双拼,275�O,碧桂园生态城 双拼别墅500万 急售!随时看房!急售!!!,花园：300.0平米,卧室：5个
79,28968,关山-关山大道与南湖大道交汇处(光谷沃尔玛旁),光谷坐标城九台,南向,730.0,叠加,252�O,急售 城中心的别墅 光谷坐标城九台别墅 户型 私家电梯,无花园,卧室：7个
80,19913,光谷东-花山生态新城严西湖大桥东侧桥头(花城大道与花,碧桂园生态城别墅,南向,460.0,双拼,231�O,"花山碧桂园,建面231平,花园240平,开阔视野,满二无税",花园：240.0平米,卧室：5个
81,20106,民族大道-大学园路37(庙山经济开发区汤逊湖旁),清风别墅,南向,380.0,联排,189�O,"精装大三房联排别墅,拎包入住,位置好,户型正,采光不错,可看",花园：120.0平米,卧室：3个
82,16931,民族大道-大学园路37(庙山经济开发区汤逊湖旁),清风别墅,南向,320.0,联排,189�O,清风联排别墅 Zhen实房源!清水毛坯 满二 送双车位和花园,花园：60.0平米,卧室：5个
83,24771,民族大道-武汉民院路水蓝路上(锦绣龙城前),水蓝郡别墅,南向,540.0,联排,218�O,"南湖畔水蓝郡联排边户,大花园户型好,全新装修",花园：150.0平米,卧室：5个
84,20690,光谷东-花山生态新城严西湖大桥东侧桥头(花城大道与花,碧桂园生态城别墅,南向,420.0,双拼,203�O,碧桂园生态城钻石双拼地铁贯通光谷线路软件新城商业发达医疗,花园：100.0平米,卧室：4个
85,33730,关山-关山大道与南湖大道交汇处(光谷沃尔玛旁),光谷坐标城九台,北向,850.0,叠加,252�O,坐标城九台别墅 上叠 正规南北 送双车位 欢迎实地看房,花园：100.0平米,卧室：7个
86,37879,民族大道-民族大道与汤逊湖北路交汇处以西200米,中冶南方韵湖首府别墅,南向,750.0,联排,198�O,保利十二橡树旁边 双拼别墅 环境好 朝南大花园 地下室带车位,花园：200.0平米,卧室：5个
87,40833,金融港-大学园路1号(万科城市花园东南端),万科红郡别墅,北向,710.0,叠加,173.88�O,"万科红郡赖墅,居家自住200万装修,送两个车位,仅需710万",花园：60.0平米,卧室：4个
88,22672,民族大道-大学园路37(庙山经济开发区汤逊湖旁),清风别墅,南向,526.0,双拼,232�O,清风别墅投入150万装修 改造双拼别墅面积232平米 200平米花园,花园：203.0平米,卧室：6个
89,37879,民族大道-民族大道与汤逊湖北路交汇处以西200米,中冶南方韵湖首府别墅,南向,750.0,联排,198�O,保利十二橡树旁边 双拼别墅 环境好 朝南大花园 地下室带车位,花园：200.0平米,卧室：5个
90,29032,关山-关山大道与南湖大道交汇处(光谷沃尔玛旁),光谷坐标城九台,南向,630.0,叠加,217�O,"观望一次一次,朋友,是不是还要重复昨天的故事?",花园：70.0平米,卧室：6个
91,23000,光谷东-花山生态新城严西湖大桥东侧桥头(花城大道与花,碧桂园生态城别墅,东向,368.0,联排,160�O,碧桂园生态城桃花源别墅 产权清晰 交易便捷,无花园,卧室：3个
92,35928,民族大道-民族大道与庙山中路交汇处以西1公里(湿地公园,天祥尚府博墅,南向,600.0,独栋,167�O,豪华别墅保利十二橡树旁家庭健身房私人会所KTV电影院四个停车,无花园,卧室：5个
93,25682,光谷东-花山生态新城严西湖大桥东侧桥头(花城大道与花,碧桂园生态城别墅,南向,1600.0,独栋,623�O,"碧桂园生态城好房源,阳光充足空气清新,适合居家过日子",无花园,卧室：4个
94,30613,民族大道-民族大道与汤逊湖北路交汇处以西200米,中冶南方韵湖首府别墅,北向,580.0,独栋,189.46�O,中冶韵湖守府别墅联排边户毛坯上三负二层带地下室地下双车,无花园,卧室：6个
95,28571,民族大道-东湖新技术开发区汤逊湖北路560号,保利十二橡树庄园别墅,南向,800.0,独栋,280�O,保利十二橡树庄园 带400平米花园 户型大气 杜绝虚假信息,花园：420.0平米,卧室：4个
96,20526,光谷东-花山生态新城严西湖大桥东侧桥头(花城大道与花,碧桂园生态城别墅,南向,468.0,独栋,228�O,送60平露台 双拼别墅 一楼带老人房 花园200平 满二无税,无花园,卧室：5个
97,20936,光谷东-花山生态新城严西湖大桥东侧桥头(花城大道与花,碧桂园生态城别墅,南向,425.0,独栋,203�O,生态城双拼美墅 随时可以看房 诚心出售 叠翠台别墅区,无花园,卧室：3个
98,39583,民族大道-武汉市东湖高新区华师一附中西侧(汤逊湖北路与,光谷地产湾郡别墅,南向,380.0,独栋,96�O,天祥尚府湾郡别墅豪华装修自带幼儿园证满两年华师一,无花园,卧室：5个
99,28517,民族大道-东湖新技术开发区汤逊湖北路560号,保利十二橡树庄园别墅,南向,750.0,独栋,263�O,"保利十二橡树,纯独栋别墅,花园400平,证满2后期费用低",无花园,卧室：5个
100,23080,光谷东-花山生态新城严西湖大桥东侧桥头(花城大道与花,碧桂园生态城别墅,东向,777.8,独栋,337�O,光谷花园叠翠台独栋美墅高性价的欢迎看房,无花园,卧室：6个
101,18116,光谷东-花山生态新城严西湖大桥东侧桥头(花城大道与花,碧桂园生态城别墅,南向,500.0,独栋,276�O,"映月湾双拼别墅便宜卖,单价18000一平,花园200平,低税",无花园,卧室：4个
102,29667,民族大道-东湖新技术开发区汤逊湖北路560号,保利十二橡树庄园别墅,东向,890.0,独栋,300�O,保利十二橡树庄园 东湖高新4室890万元诚意出售!,无花园,卧室：4个
103,39583,民族大道-武汉市东湖高新区华师一附中西侧(汤逊湖北路与,光谷地产湾郡别墅,南向,380.0,独栋,96�O,天祥尚府湾郡别墅 豪华装修 自带幼儿园 证满两年 华师一,无花园,卧室：5个
104,39773,金融港-大学园路1号(万科城市花园东南端),万科红郡别墅,南向,700.0,独栋,176�O,还在为买不到心仪的房子犯愁吗?这套是你想要的,无花园,卧室：4个
105,23962,光谷东-花山生态新城严西湖大桥东侧桥头(花城大道与花,碧桂园生态城别墅,南向,1500.0,独栋,626�O,专做东湖高新别墅 花山碧桂园生态城水蓝湾 独栋 赠八百平大花园,花园：800.0平米,卧室：6个
106,30044,关山-关山大道与南湖大道交汇处(光谷沃尔玛旁),光谷坐标城九台,南向,685.0,独栋,228�O,坐标城九台别墅 采光好 上叠 视野开阔 诚心出售 看房方便,无花园,卧室：5个
107,20863,光谷东-花山生态新城严西湖大桥东侧桥头(花城大道与花,碧桂园生态城别墅,南向,580.0,独栋,278�O,"碧桂园生态城双拼美墅,水系旁带花园200平加!!!",无花园,卧室：5个
108,22829,光谷东-花山生态新城严西湖大桥东侧桥头(花城大道与花,碧桂园生态城别墅,东向,630.0,独栋,275.96�O,"碧桂园生态城叠翠台双拼别墅中间位置建面276,花园180",无花园,卧室：6个
109,25765,光谷东-花山生态新城严西湖大桥东侧桥头(花城大道与花,碧桂园生态城别墅,东向,1600.0,独栋,621�O,专盘/碧桂园生态城 独栋别墅 可看湖 诚心卖 花园大 证满二,无花园,卧室：5个
110,20259,光谷东-花山生态新城严西湖大桥东侧桥头(花城大道与花,碧桂园生态城别墅,北向,470.0,独栋,232�O,碧桂园生态城钻石双拼交通便利,无花园,卧室：4个
111,25217,民族大道-江夏大道特一号庙山开发区,玉龙岛花园别墅,南向,580.0,独栋,230�O,玉龙岛阳光海岸清风别墅保利橡树独栋别墅228平米580万,花园：400.0平米,卧室：5个
112,26923,民族大道-东湖新技术开发区汤逊湖北路560号,保利十二橡树庄园别墅,南向,700.0,独栋,260�O,枫叶国际 保利十二橡树 独栋别墅 400平花园 无税,花园：400.0平米,卧室：5个
113,20936,光谷东-花山生态新城严西湖大桥东侧桥头(花城大道与花,碧桂园生态城别墅,南向,425.0,独栋,203�O,生态城双拼美墅 随时可以看房 诚心出售 叠翠台别墅区,无花园,卧室：3个
114,24706,民族大道-天际路与庙山中路交汇处(华师一附中以西600,名湖豪庭珑御,南向,420.0,独栋,170�O,天啊 名湖别墅惊爆价 满二年无税 带车位 只需410万,无花园,卧室：4个
115,29592,民族大道-民族大道与汤逊湖北路交汇处以西200米,中冶南方韵湖首府别墅,北向,580.0,独栋,196�O,联排别墅 大花园 环境优雅 送两层地下室 双车位,无花园,卧室：5个
116,40556,金融港-大学园路1号(万科城市花园东南端),万科红郡别墅,南向,730.0,独栋,180�O,新上 光谷万科红郡A户型赖墅 满5年 豪装房东移居北京,无花园,卧室：5个
117,20526,光谷东-花山生态新城严西湖大桥东侧桥头(花城大道与花,碧桂园生态城别墅,东向,468.0,独栋,228�O,碧桂园生态城东边头大花园底价急售性价可看房,无花园,卧室：4个
118,62818,光谷东-高新大道789号(东湖新技术开发区高新大道与,驿山高尔夫,南向,2720.0,独栋,433�O,地位象征 经典温馨 稀有好房 驿山高尔夫独栋山顶别墅 有钥匙,花园：300.0平米,卧室：7个
119,27711,民族大道-民族大道与庙山中路交汇处以西1公里(湿地公园,天祥尚府博墅,南向,460.0,独栋,166�O,"大50万!使用面积480平天祥尚府别墅,带车位,花园环绕",无花园,卧室：4个
120,43485,关山-关山大道与南湖大道交汇处(光谷沃尔玛旁),光谷坐标城九台,南向,790.0,独栋,181.67�O,"坐标城九台别墅下叠,大花园,满二年后期费用低",无花园,卧室：5个
121,24178,民族大道-武汉民院路水蓝路上(锦绣龙城前),水蓝郡别墅,南向,515.0,独栋,213�O,南湖水蓝郡别墅小区 房东出税费 目前没有比这个的,无花园,卧室：4个
122,21472,光谷东-花山生态新城严西湖大桥东侧桥头(花城大道与花,碧桂园生态城别墅,南向,350.0,独栋,163�O,碧桂园桃花源163平联排别墅 花园150平 满二无税 随时看,无花园,卧室：4个
123,28327,民族大道-东湖新技术开发区汤逊湖北路560号,保利十二橡树庄园别墅,南向,745.0,独栋,263�O,满2少税+保利十二橡树庄园别墅+400平花园+资金周转急急急,花园：400.0平米,卧室：6个
124,20357,光谷东-花山生态新城严西湖大桥东侧桥头(花城大道与花,碧桂园生态城别墅,南向,470.0,独栋,230.88�O,花山碧桂园生态城水蓝湾 双拼别墅 不动产证已办,无花园,卧室：4个
125,30828,民族大道-东湖新技术开发区汤逊湖北路560号,保利十二橡树庄园别墅,东向,1000.0,独栋,324.38�O,保利十二橡树庄园 位置开阔 花园大 无任何后期费用,无花园,卧室：5个
126,27491,民族大道-东湖新技术开发区汤逊湖北路560号,保利十二橡树庄园别墅,南向,800.0,独栋,291�O,保利十二橡树庄园 含地下室 地势高 800万 大花园,花园：300.0平米,卧室：5个
127,34759,民族大道-民族大道与汤逊湖北路交汇处以西200米,中冶南方韵湖首府别墅,南向,650.0,独栋,187�O,实得400平双车位花园韵湖北区联排毛坯别墅带大露台,无花园,卧室：5个
128,30044,关山-关山大道与南湖大道交汇处(光谷沃尔玛旁),光谷坐标城九台,南向,685.0,独栋,228�O,坐标城九台别墅 采光好 上叠 视野开阔 诚心出售 看房方便,无花园,卧室：5个
129,33180,关山-关山大道与南湖大道交汇处(光谷沃尔玛旁),九台别墅,南向,720.0,独栋,217�O,上新+上新+迎新年+大放价+独-家房源+只要您看中+价格都不,无花园,卧室：4个
130,25573,民族大道-东湖新技术开发区汤逊湖北路560号,保利十二橡树庄园别墅,北向,670.0,独栋,262�O,"十二橡树庄园经典独栋,附赠300花园,小区醉底,业主诚心出售",无花园,卧室：4个
131,23609,民族大道-天际路与庙山中路交汇处(华师一附中以西600,名湖豪庭珑御,南向,399.0,独栋,169�O,韵湖首 府旁 名湖豪庭上叠别墅 带花园 蛮2年无税 房东诚售,无花园,卧室：6个
132,29622,民族大道-东湖新技术开发区汤逊湖北路560号,保利十二橡树庄园别墅,南向,780.0,独栋,263.32�O,"李晓艺豪宅专售:去往全球各地,回到这里才是您的家!",花园：300.0平米,卧室：4个
133,22917,民族大道-东湖新技术开发区汤逊湖北路560号,保利十二橡树庄园别墅,南向,660.0,独栋,288�O,枫叶国际 韵湖首府边 格局大气 长岛附近 别墅群 尽享尊贵,花园：200.0平米,卧室：4个
134,42522,民族大道-东湖新技术开发区汤逊湖北路560号,保利十二橡树庄园别墅,东向,1450.0,独栋,341�O,"保利十二橡树庄园别墅,近500平一线临湖,买的就是与众不同",无花园,卧室：5个
135,25000,光谷东-花山生态新城严西湖大桥东侧桥头(花城大道与花,碧桂园生态城别墅,南向,565.0,独栋,226�O,碧桂园生态城 双拼大别墅 纯毛坯 产证在手 带大花园,无花园,卧室：5个
136,31336,关山-关山大道与南湖大道交汇处(光谷沃尔玛旁),光谷坐标城九台,南向,680.0,独栋,217�O,北入户带120前后花园+二楼送70平米大露台+东边户+满2+,无花园,卧室：6个
137,21759,民族大道-武汉民院路水蓝路上(锦绣龙城前),水蓝郡别墅,东向,470.0,独栋,216�O,精装别墅上下4层带车库随时看随时签,无花园,卧室：5个
138,27456,民族大道-东湖新技术开发区汤逊湖北路560号,保利十二橡树庄园别墅,南向,777.0,独栋,283�O,保利十二橡树庄园 性价比 精装修 无税 花园300平,花园：300.0平米,卧室：1个
139,21030,光谷东-花山生态新城严西湖大桥东侧桥头(花城大道与花,碧桂园生态城别墅,南向,490.0,独栋,233�O,水蓝湾双拼别墅232平 前后带花园200 满二无税 毛坯随时看房,花园：200.0平米,卧室：5个
140,45455,光谷东-高新大道789号(东湖新技术开发区高新大道与,驿山高尔夫,南向,1300.0,独栋,286�O,土豪看过来700平豪华联排四层边户纯毛坯送花园地下室双车位,无花园,卧室：4个
141,35333,关山-关山大道与南湖大道交汇处(光谷沃尔玛旁),光谷坐标城九台,南向,530.0,独栋,150�O,坐标城九台别墅+带花园地下室+中叠业主急卖直降30万,无花园,卧室：4个
142,26549,光谷东-花山生态新城严西湖大桥东侧桥头(花城大道与花,碧桂园生态城别墅,东向,600.0,独栋,226�O,花山碧桂园生态城叠翠台 清水毛坯别墅,无花园,卧室：4个
143,25481,金融港-东湖新技术开发区光谷大道78号(光谷大道与中,当代国际花园别墅,南向,530.0,独栋,208�O,"当代国际花园联排别墅,证满五年,无税!急售",花园：100.0平米,卧室：5个
144,20115,光谷东-花山生态新城严西湖大桥东侧桥头(花城大道与花,碧桂园生态城别墅,西向,350.0,独栋,174�O,"碧桂园生态城联排中户南北通透,光线强,鸟语花香",无花园,卧室：4个
145,42105,光谷东-高新大道789号(东湖新技术开发区高新大道与,驿山高尔夫,东向,1200.0,独栋,285�O,驿山高尔夫送花园送车库只因急售曲径通幽别墅,无花园,卧室：7个
146,37229,民族大道-民族大道与庙山中路交汇处以西1公里(湿地公园,天祥尚府博墅,南向,618.0,独栋,166�O,"业主诚心出售,有意者可以实地看房。",无花园,卧室：5个
147,21160,光谷-珞喻东路马鞍山森林公园以南(关东园五路与光谷,葛洲坝卡尔顿庄园,南向,620.0,独栋,293�O,坐拥城市繁华 静享园林清净!卡尔顿毛坯稀优资源送露台送花园,无花园,卧室：6个
148,24178,民族大道-武汉民院路水蓝路上(锦绣龙城前),水蓝郡别墅,南向,515.0,独栋,213�O,南湖水蓝郡别墅小区 房东出税费 目前没有比这个的,无花园,卧室：4个
149,26820,民族大道-东湖新技术开发区汤逊湖北路560号,保利十二橡树庄园别墅,南向,700.0,独栋,261�O,保利十二橡树西区独栋别墅花园300平小区719万,无花园,卧室：5个
150,28274,民族大道-东湖新技术开发区汤逊湖北路560号,保利十二橡树庄园别墅,南向,950.0,独栋,336�O,汤逊湖畔一线临湖独栋欧式别墅 二亩地私家花园保利十二橡树,花园：600.0平米,卧室：5个
151,19828,民族大道-大学园路37(庙山经济开发区汤逊湖旁),清风别墅,东向,460.0,独栋,232�O,"双拼别墅,户型周正,位置巨好,环境优美,雄厚,您",无花园,卧室：4个
152,19188,光谷东-花山生态新城严西湖大桥东侧桥头(花城大道与花,碧桂园生态城别墅,南向,520.0,独栋,271�O,碧桂园生态城映月湾 双拼大花园别墅 满二带阁楼,无花园,卧室：4个
153,25765,光谷东-花山生态新城严西湖大桥东侧桥头(花城大道与花,碧桂园生态城别墅,东向,1600.0,独栋,621�O,专盘/碧桂园生态城 独栋别墅 可看湖 诚心卖 花园大 证满二,花园：600.0平米,卧室：5个
154,20179,光谷东-花山生态新城严西湖大桥东侧桥头(花城大道与花,碧桂园生态城别墅,南向,450.0,独栋,223�O,碧桂园生态城映月湾双拼别墅清水毛坯G146户型带花园送露台,无花园,卧室：5个
155,29648,关山-关山大道与南湖大道交汇处(光谷沃尔玛旁),光谷坐标城九台,南向,590.0,独栋,199�O,九台1楼别墅送南向大花园 仅售590万 低于业主上手价,花园：150.0平米,卧室：5个
156,22566,光谷东-花山生态新城严西湖大桥东侧桥头(花城大道与花,碧桂园生态城别墅,南向,510.0,独栋,226�O,"碧桂园叠翠台 毛坯别墅 个人清晰产权,诚心出售",无花园,卧室：6个
157,23006,民族大道-大学园路37(庙山经济开发区汤逊湖旁),清风别墅,南向,750.0,独栋,326�O,独栋 豪装 一线临湖 格局大气 玉龙岛花园 保利十二橡树庄园附近,花园：200.0平米,卧室：6个
158,27913,民族大道-东湖新技术开发区汤逊湖北路560号,保利十二橡树庄园别墅,南向,896.0,独栋,321�O,保利十二橡树庄园二线临湖独栋别墅前庭后院中天井光线好,花园：400.0平米,卧室：4个
159,30769,民族大道-东湖新技术开发区汤逊湖北路560号,保利十二橡树庄园别墅,南向,1000.0,独栋,325�O,保利十二橡树精装别墅大花园证产证满五,无花园,卧室：5个
160,24194,光谷东-花山生态新城严西湖大桥东侧桥头(花城大道与花,碧桂园生态城别墅,南向,1500.0,独栋,620�O,"碧桂园生态城水蓝湾独栋钻石墅,建面620平,花园900平临湖",无花园,卧室：7个
161,23377,民族大道-武汉民院路水蓝路上(锦绣龙城前),水蓝郡别墅,北向,900.0,独栋,385�O,"一线湖景,独栋别墅,低于市场300万!房源可随时交易!",花园：500.0平米,卧室：4个
162,62818,光谷东-高新大道789号(东湖新技术开发区高新大道与,驿山高尔夫,南向,2720.0,独栋,433�O,地位象征 经典温馨 稀有好房 驿山高尔夫独栋山顶别墅 有钥匙,花园：300.0平米,卧室：7个
163,18116,光谷东-花山生态新城严西湖大桥东侧桥头(花城大道与花,碧桂园生态城别墅,东向,500.0,独栋,276�O,"碧桂园专盘经典双拼别墅,附赠大露台,大花园,高层价出别墅",无花园,卧室：4个
164,21739,光谷东-花山生态新城严西湖大桥东侧桥头(花城大道与花,碧桂园生态城别墅,南向,500.0,独栋,230�O,"花山碧桂园,建面230平,花园180平,自改户型。",无花园,卧室：6个
165,30828,民族大道-东湖新技术开发区汤逊湖北路560号,保利十二橡树庄园别墅,东向,1000.0,独栋,324.38�O,保利十二橡树庄园 位置开阔 花园大 无任何后期费用,无花园,卧室：5个
166,20710,光谷东-花山生态新城严西湖大桥东侧桥头(花城大道与花,碧桂园生态城别墅,南向,420.0,独栋,202.8�O,专盘碧桂园水蓝湾双拼美墅三面花园低于市场价欲购从速,无花园,卧室：5个
167,20179,光谷东-花山生态新城严西湖大桥东侧桥头(花城大道与花,碧桂园生态城别墅,南向,450.0,独栋,223�O,大东湖碧桂园 独墅西班牙风格 天然氧吧 深处其中 深藏韵味。,无花园,卧室：4个
168,36446,民族大道-民族大道与庙山中路交汇处以西1公里(湿地公园,天祥尚府博墅,东向,605.0,独栋,166�O,"业主诚心出售,有意者可以实地看房",花园：60.0平米,卧室：5个
169,27289,民族大道-天际路与庙山中路交汇处(华师一附中以西600,名湖豪庭珑御,南向,450.0,独栋,164.9�O,"别墅精装修,带阁楼,带车位,中间位置,采光好,舒适",无花园,卧室：4个
170,23962,光谷东-花山生态新城严西湖大桥东侧桥头(花城大道与花,碧桂园生态城别墅,南向,1500.0,独栋,626�O,专做东湖高新别墅 花山碧桂园生态城水蓝湾 独栋 赠八百平大花园,花园：800.0平米,卧室：6个
171,26515,民族大道-东湖新技术开发区汤逊湖北路560号,保利十二橡树庄园别墅,南向,700.0,独栋,264�O,保利十二橡树独栋别墅.带私家花园证满两年看房方便,无花园,卧室：5个
172,20896,光谷东-花山生态新城严西湖大桥东侧桥头(花城大道与花,碧桂园生态城别墅,东向,420.0,独栋,201�O,碧桂园生态城钻石双拼地铁贯通光谷线路软件新城商业发达医疗,无花园,卧室：4个
173,30688,民族大道-民族大道与汤逊湖北路交汇处以西200米,中冶南方韵湖首府别墅,南向,580.0,独栋,189�O,韵湖公园联排边户 靠汤逊湖 有前后大花园 房子无,无花园,卧室：5个
174,25143,民族大道-东湖新技术开发区汤逊湖北路560号,保利十二橡树庄园别墅,南向,880.0,独栋,350�O,"易居豪宅部推荐欧式豪装独栋,尊贵享受你值得拥有!",花园：200.0平米,卧室：5个
175,24554,光谷东-花山生态新城严西湖大桥东侧桥头(花城大道与花,碧桂园生态城别墅,东向,550.0,独栋,224�O,碧桂园映月湾实测300平花园靠边双拼别墅360度无遮挡,无花园,卧室：4个
176,24118,民族大道-天际路与庙山中路交汇处(华师一附中以西600,名湖豪庭珑御,南向,410.0,独栋,170�O,名湖豪庭叠拼别墅 经典上叠户型 业主紧急抛售 随时签合同,无花园,卧室：3个
177,21160,光谷-珞喻东路马鞍山森林公园以南(关东园五路与光谷,葛洲坝卡尔顿庄园,南向,620.0,独栋,293�O,坐拥城市繁华 静享园林清净!卡尔顿毛坯稀优资源送露台送花园,无花园,卧室：6个
178,28968,关山-关山大道与南湖大道交汇处(光谷沃尔玛旁),光谷坐标城九台,东向,730.0,独栋,252�O,光谷坐标城九台红本在手满2年清水毛坯业主急需资金真实图片,无花园,卧室：6个
179,26077,民族大道-东湖新技术开发区汤逊湖北路560号,保利十二橡树庄园别墅,东向,678.0,独栋,260�O,"新新新房源,户型周正,采光好,随时看房,保利十二橡树庄园",无花园,卧室：4个
180,21078,光谷东-花山生态新城严西湖大桥东侧桥头(花城大道与花,碧桂园生态城别墅,南向,430.0,独栋,204�O,碧桂园双拼美墅置业 随时可以看房 诚心出售。。,无花园,卧室：3个
181,20745,光谷东-花山生态新城严西湖大桥东侧桥头(花城大道与花,碧桂园生态城别墅,东向,390.0,独栋,188�O,碧桂园水蓝湾 满两年 毛坯房 双拼别墅 诚心出售,无花园,卧室：4个
182,43333,金融港-大学园路1号(万科城市花园东南端),万科红郡别墅,南向,780.0,独栋,180�O,赖特A户型满2年房东北京发展稳定卖,无花园,卧室：4个
183,29851,民族大道-天际路与庙山中路交汇处(华师一附中以西600,名湖豪庭珑御,南向,600.0,独栋,201�O,名湖豪庭联排 共6层 满二无税 送车位 送前后百平米花园,无花园,卧室：7个
184,22857,光谷东-花山生态新城严西湖大桥东侧桥头(花城大道与花,碧桂园生态城别墅,南向,800.0,独栋,350�O,"满二!碧桂园独栋大别墅,送前后侧大花园,350平的独栋别墅!",无花园,卧室：5个
185,19914,光谷东-花山生态新城严西湖大桥东侧桥头(花城大道与花,碧桂园生态城别墅,东向,462.0,独栋,232�O,光谷东 碧桂园强烈推荐 纯别墅小区 次,无花园,卧室：4个
186,33133,民族大道-东湖新技术开发区汤逊湖北路560号,保利十二橡树庄园别墅,南向,1100.0,独栋,332�O,保利十二橡树庄园实际面积500平有扩建室内车库西4栋真实在售,无花园,卧室：4个
187,33180,关山-关山大道与南湖大道交汇处(光谷沃尔玛旁),九台别墅,南向,720.0,独栋,217�O,上新+上新+迎新年+大放价+独-家房源+只要您看中+价格都不,无花园,卧室：4个
188,29648,关山-关山大道与南湖大道交汇处(光谷沃尔玛旁),光谷坐标城九台,南向,590.0,独栋,199�O,九台1楼别墅送南向大花园 仅售590万 低于业主上手价,花园：150.0平米,卧室：5个
189,32667,民族大道-东湖新技术开发区汤逊湖北路560号,保利十二橡树庄园别墅,南向,980.0,独栋,300�O,保利十二橡树 二线临湖 花园比旁边的大两倍 好房 装修好,花园：400.0平米,卧室：6个
190,20397,光谷东-花山生态新城严西湖大桥东侧桥头(花城大道与花,碧桂园生态城别墅,南向,720.0,独栋,353�O,"花山碧桂园,七房大户型,不动产证已满两年,业主诚售",花园：200.0平米,卧室：7个
191,27600,民族大道-东湖新技术开发区汤逊湖北路560号,保利十二橡树庄园别墅,东向,950.0,独栋,344.2�O,"保利十二橡树庄园独栋别墅上下三层带车库,品质别墅区环",无花园,卧室：5个
192,31727,关山-关山大道与南湖大道交汇处(光谷沃尔玛旁),光谷坐标城九台,南向,790.0,独栋,249�O,城中双拼别墅+送露台+低总价+业主公司运营缺资金低价出售,无花园,卧室：7个
193,23962,光谷东-花山生态新城严西湖大桥东侧桥头(花城大道与花,碧桂园生态城别墅,南向,1500.0,独栋,626�O,专做东湖高新别墅 花山碧桂园生态城水蓝湾 独栋 赠八百平大花园,花园：800.0平米,卧室：6个
194,30154,民族大道-东湖新技术开发区汤逊湖北路560号,保利十二橡树庄园别墅,南向,980.0,独栋,325�O,保利十二橡树庄园临湖大独栋别墅 三面大花园 急急急,无花园,卧室：4个
195,49242,金融港-大学园路1号(万科城市花园东南端),万科红郡别墅,北向,650.0,独栋,132�O,"万科红郡132平,得房300平以上,4房5卫3厅,满二税少,",无花园,卧室：4个
196,34122,金融港-大学园路1号(万科城市花园东南端),万科红郡别墅,东向,505.0,独栋,148�O,"万科红郡,E户型别墅,惊爆价505万",无花园,卧室：0个
197,63927,光谷东-高新大道789号(东湖新技术开发区高新大道与,驿山高尔夫,北向,2800.0,独栋,438�O,"驿山高尔夫,独栋,haohua大院子,带电梯,公园式别墅,诚",无花园,卧室：5个
198,26995,民族大道-江夏大道特一号庙山开发区,玉龙岛花园别墅,南向,575.0,独栋,213�O,玉龙岛独栋别墅 50年产权 边户位置 停车方便 神龙苑 杜绝虚假,花园：186.0平米,卧室：4个
199,42222,金融港-大学园路1号(万科城市花园东南端),万科红郡别墅,南向,760.0,独栋,180�O,"校区别墅,万科豪宅,前庭后院,品质之选,居家必备,业主很靠谱",无花园,卧室：4个
200,26923,民族大道-东湖新技术开发区汤逊湖北路560号,保利十二橡树庄园别墅,南向,700.0,独栋,260�O,"保利十二橡树庄园独栋别墅,带车库,花园大,",无花园,卧室：4个
201,28517,民族大道-东湖新技术开发区汤逊湖北路560号,保利十二橡树庄园别墅,南向,750.0,独栋,263�O,"诚售!保利十二橡树庄园263平300平大花园,居家",花园：300.0平米,卧室：4个
202,20270,光谷东-花山生态新城严西湖大桥东侧桥头(花城大道与花,碧桂园生态城别墅,南向,450.0,独栋,222�O,"碧桂园专盘经典户型,触底价 双拼大别墅。送大露台。",无花园,卧室：4个
203,31655,民族大道-东湖新技术开发区汤逊湖北路560号,保利十二橡树庄园别墅,东向,950.0,独栋,300.11�O,二线临湖 证满两年 直接拎包入住 看房方便,无花园,卧室：4个
204,39157,关山-关山大道与南湖大道交汇处(光谷沃尔玛旁),光谷坐标城九台,南向,650.0,独栋,166�O,光谷坐标城 九台别墅 大五房 南入户 满二 业主诚心出售,无花园,卧室：5个
205,36986,民族大道-东湖新技术开发区汤逊湖北路560号,保利十二橡树庄园别墅,南向,1350.0,独栋,365�O,"保利十二橡树庄园别墅,近500平一线临湖,买的就是与众不同!",无花园,卧室：5个
206,32258,光谷东-花山生态新城严西湖大桥东侧桥头(花城大道与花,碧桂园生态城别墅,南向,2000.0,独栋,620�O,光谷碧桂园水蓝湾 钻石独栋别墅 620平首付800万豪装修,无花园,卧室：6个
207,64665,光谷东-高新大道789号(东湖新技术开发区高新大道与,驿山高尔夫,东向,2800.0,独栋,433�O,1000平大花园宽敞且集中送200平地下室高尔夫球场,花园：1000.0平米,卧室：5个
208,20217,光谷东-花山生态新城严西湖大桥东侧桥头(花城大道与花,碧桂园生态城别墅,南向,465.0,独栋,230�O,光谷东碧桂园生态城230平双拼户型房东急售,无花园,卧室：4个
209,17844,民族大道-江夏大道特一号庙山开发区,玉龙岛花园别墅,南向,298.0,独栋,167�O,"玉龙岛精装别墅,房东别处置业急售,随时看房,户型方正",花园：77.0平米,卧室：4个
210,21739,光谷东-花山生态新城花城大道1号(严西湖大桥下桥处),联投花山郡别墅,南向,400.0,独栋,184�O,花山专盘 联投花山郡 叠拼别墅 四层 带车位 花园100平,无花园,卧室：4个
211,21724,民族大道-东湖新技术开发区汤逊湖北路560号,保利十二橡树庄园别墅,南向,731.0,独栋,336.5�O,保利十二橡树庄园别墅 原价1044万 现价731万 不限贝勾,花园：30.0平米,卧室：7个
212,19886,光谷东-花山生态新城严西湖大桥东侧桥头(花城大道与花,碧桂园生态城别墅,西向,350.0,独栋,176�O,碧桂园生态城联排户型周正采光好,无花园,卧室：4个
213,42274,民族大道-东湖新技术开发区汤逊湖北路560号,保利十二橡树庄园别墅,南向,1450.0,独栋,343�O,一线临湖毗邻枫叶600平米花园带的地下室,无花园,卧室：6个
214,21390,光谷-珞喻东路马鞍山森林公园以南(关东园五路与光谷,葛洲坝卡尔顿庄园,东向,600.0,独栋,280.5�O,"专盘代理葛洲坝卡尔顿庄园联排别墅,别墅和住宅一样的价格值得",无花园,卧室：4个
215,28517,民族大道-东湖新技术开发区汤逊湖北路560号,保利十二橡树庄园别墅,南向,750.0,独栋,263�O,保利十二橡树庄园 独栋毛坯别墅 诚心出售 随时看房,无花园,卧室：4个
216,21008,光谷东-花山生态新城严西湖大桥东侧桥头(花城大道与花,碧桂园生态城别墅,南向,500.0,独栋,238�O,花园230平碧桂园双拼别墅230平东户满二无税随时看,无花园,卧室：5个
217,19192,民族大道-江夏大道特一号庙山开发区,玉龙岛花园别墅,南向,380.0,独栋,198�O,玉龙岛花园198平双拼仅售390万 中等装修房东诚心出售!!,无花园,卧室：5个
218,19915,光谷东-花山生态新城严西湖大桥东侧桥头(花城大道与花,碧桂园生态城别墅,南向,468.0,独栋,235�O,碧桂园生态城水蓝湾 毛坯别墅 户型方正 三面花园,无花园,卧室：4个
219,35979,关山-关山大道与南湖大道交汇处(光谷沃尔玛旁),九台别墅,东向,680.0,独栋,189�O,坐标城九台别墅院子朝南南入户经典一二楼带地下室户型,无花园,卧室：6个
220,20526,光谷东-花山生态新城严西湖大桥东侧桥头(花城大道与花,碧桂园生态城别墅,东向,468.0,独栋,228�O,碧桂园生态城东边头大花园底价急售性价可看房,无花园,卧室：4个
221,42222,金融港-大学园路1号(万科城市花园东南端),万科红郡别墅,南向,760.0,独栋,180�O,"校区别墅,万科豪宅,前庭后院,品质之选,居家必备,业主很靠谱",无花园,卧室：4个
222,27778,民族大道-东湖新技术开发区汤逊湖北路560号,保利十二橡树庄园别墅,南向,900.0,独栋,324�O,保利十二橡树花园一亩地 证满324平送地下室急售,无花园,卧室：4个
223,25301,民族大道-民族大道与庙山中路交汇处以西1公里(湿地公园,天祥尚府博墅,南向,420.0,独栋,166�O,"50万!!使用面积480平天祥尚府别墅,带车位,花园环绕",无花园,卧室：4个
224,27048,民族大道-民族大道与庙山中路交汇处以西1公里(湿地公园,天祥尚府博墅,东向,449.0,独栋,166�O,"天祥尚府的别墅满两年啦!!!湖边观景别墅,带百平花园,带车位",无花园,卧室：4个
225,34637,金融港-大学园路1号(万科城市花园东南端),万科红郡别墅,南向,620.0,独栋,179�O,"总要有套满意的房子自住,新推万科红郡别墅,格局漂亮,可塑性强",花园：150.0平米,卧室：5个
226,36474,民族大道-江夏大道特一号庙山开发区,玉龙岛花园别墅,南向,1200.0,独栋,329�O,玉龙岛保利橡树一线临湖别墅329平米1200平米花园1200万,花园：900.0平米,卧室：5个
227,25769,民族大道-东湖新技术开发区汤逊湖北路560号,保利十二橡树庄园别墅,南向,670.0,独栋,260�O,保利十二橡树庄园 满二无税 凤 水好 南北瞎透 有钥匙,无花园,卧室：4个
228,37143,金融港-大学园路1号(万科城市花园东南端),万科红郡别墅,南向,650.0,独栋,175�O,"万科红郡,次新房标准,校区头等舱,双轨交通,机会只一次",无花园,卧室：5个
229,35979,关山-关山大道与南湖大道交汇处(光谷沃尔玛旁),光谷坐标城九台,东向,680.0,独栋,189�O,坐标城九台别墅院子朝南南入户经典一二楼带地下室户型,无花园,卧室：6个
230,18000,民族大道-江夏大道特一号庙山开发区,玉龙岛花园别墅,南向,360.0,独栋,200�O,玉龙岛双拼别墅 二线临湖 院子200平,无花园,卧室：6个
231,35196,金融港-大学园路1号(万科城市花园东南端),万科红郡别墅,南向,630.0,独栋,179�O,"远离闹市喧嚣,尽享静谧人生,万科红郡别墅A户型恭候您",无花园,卧室：5个
232,20217,光谷东-花山生态新城严西湖大桥东侧桥头(花城大道与花,碧桂园生态城别墅,南向,465.0,独栋,230�O,光谷东碧桂园生态城230平双拼户型房东急售,无花园,卧室：4个
233,27564,民族大道-武汉市东湖高新区华师一附中西侧(汤逊湖北路与,光谷地产湾郡别墅,南向,430.0,独栋,156�O,光谷关山 保利十二橡树韵湖首 府旁 毛坯房 前后花园边户,无花园,卧室：7个
234,21739,光谷东-花山生态新城严西湖大桥东侧桥头(花城大道与花,碧桂园生态城别墅,南向,500.0,独栋,230�O,碧桂园生态城水蓝湾双拼别墅 送300平花园车位 露台 满两年,花园：300.0平米,卧室：5个
235,28269,民族大道-东湖新技术开发区汤逊湖北路560号,保利十二橡树庄园别墅,西向,800.0,独栋,283�O,"保利十二橡树庄园新出急售,低于市场行情的独栋别墅,您值得拥有",花园：200.0平米,卧室：4个
236,28916,民族大道-民族大道与庙山中路交汇处以西1公里(湿地公园,天祥尚府博墅,东向,480.0,独栋,166�O,"华师一名湖豪庭旁湖边观景别墅,带百平花园,带车位",无花园,卧室：4个
237,18596,民族大道-江夏大道特一号庙山开发区,玉龙岛花园别墅,南向,530.0,独栋,285�O,临湖独栋 庄严大气 随时看 清风别墅 阳光海岸旁,花园：200.0平米,卧室：7个
238,17921,光谷东-花山生态新城严西湖大桥东侧桥头(花城大道与花,碧桂园生态城别墅,东向,500.0,独栋,279�O,碧桂园生态城叠翠台双拼别墅三面花园带阁楼,无花园,卧室：5个
239,24074,光谷东-花山生态新城严西湖大桥东侧桥头(花城大道与花,碧桂园生态城别墅,南向,650.0,独栋,270�O,碧桂园生态城桃花源 毛坯别墅 边户三面花园 满两年,无花园,卧室：5个
240,27147,民族大道-东湖新技术开发区汤逊湖北路560号,保利十二橡树庄园别墅,南向,980.0,独栋,361�O,保利十二橡树庄园:亲 斤出资源 361�O户型 挑高大客厅,花园：300.0平米,卧室：5个
241,22124,光谷东-花山生态新城严西湖大桥东侧桥头(花城大道与花,碧桂园生态城别墅,南向,500.0,独栋,226�O,专盘 碧桂园生态城 G146户型 南北双阳台大露台 看房方便,无花园,卧室：5个
242,17921,光谷东-花山生态新城严西湖大桥东侧桥头(花城大道与花,碧桂园生态城别墅,东向,500.0,独栋,279�O,碧桂园生态城叠翠台双拼别墅三面花园带阁楼,无花园,卧室：5个
243,25701,民族大道-武汉民院路水蓝路上(锦绣龙城前),水蓝郡别墅,南向,550.0,独栋,214�O,"三环内财大水蓝郡别墅,带车库150平院子加200平加建面积,",无花园,卧室：6个
244,19259,光谷东-花山生态新城严西湖大桥东侧桥头(花城大道与花,碧桂园生态城别墅,南向,520.0,独栋,270�O,碧桂园生态城桃花源 毛坯别墅 边户三面花园 满两年,无花园,卧室：5个
245,28517,民族大道-东湖新技术开发区汤逊湖北路560号,保利十二橡树庄园别墅,南向,750.0,独栋,263�O,"保利十二橡树,纯独栋别墅,花园400平,证满2后期费用低",无花园,卧室：5个
246,34167,金融港-大学园路1号(万科城市花园东南端),万科红郡别墅,南向,615.0,独栋,180�O,"震撼价万科红郡别墅,精装新房卖毛坯价,要买快来看",无花园,卧室：5个
247,20994,光谷东-花山生态新城严西湖大桥东侧桥头(花城大道与花,碧桂园生态城别墅,南向,380.0,独栋,181�O,碧桂园 别墅湾区。独门独户。格局大气,无花园,卧室：4个
248,24194,光谷东-花山生态新城严西湖大桥东侧桥头(花城大道与花,碧桂园生态城别墅,南向,1500.0,独栋,620�O,"碧桂园生态城水蓝湾独栋钻石墅,建面620平,花园900平临湖",无花园,卧室：7个
249,28269,民族大道-东湖新技术开发区汤逊湖北路560号,保利十二橡树庄园别墅,南向,800.0,独栋,283�O,上新+保利十二橡树+独栋别墅+清水毛坯+性-价比-高+业主诚,无花园,卧室：4个
250,22321,光谷东-花山生态新城严西湖大桥东侧桥头(花城大道与花,碧桂园生态城别墅,南向,750.0,独栋,336�O,"碧桂园生态城独栋别墅,花园400平,视野开阔",无花园,卧室：7个
251,22821,民族大道-天际路与庙山中路交汇处(华师一附中以西600,名湖豪庭珑御,南向,445.0,独栋,195�O,"名湖豪庭叠式别墅中叠双车位,使用面积有三百多平!诚心出售!",无花园,卧室：4个
252,33245,关山-关山大道与南湖大道交汇处(光谷沃尔玛旁),光谷坐标城九台,南向,500.0,独栋,150.4�O,光谷坐标城九台别墅 有钥匙随时看房 二层带地下室车位 满2年,无花园,卧室：4个
253,26500,民族大道-民族大道与汤逊湖北路交汇处以西200米,中冶南方韵湖首府别墅,南向,530.0,独栋,200�O,韵湖首俯 联排别墅 地面三层地下两层双车位 前后花园100平,无花园,卧室：6个
254,27799,民族大道-东湖新技术开发区汤逊湖北路560号,保利十二橡树庄园别墅,东向,720.0,独栋,259�O,保利十二橡树独栋别墅两层花园面积200平米满两年钥匙看房图,无花园,卧室：5个
255,42274,民族大道-东湖新技术开发区汤逊湖北路560号,保利十二橡树庄园别墅,南向,1450.0,独栋,343�O,一线临湖毗邻枫叶600平米花园带的地下室,无花园,卧室：6个
256,30952,关山-关山大道与南湖大道交汇处(光谷沃尔玛旁),光谷坐标城九台,南向,780.0,独栋,252�O,"九台别墅,闹中取静,五室两厅,赠送大花园与地下室,诚心出售",无花园,卧室：5个
257,34171,关山-关山大道与南湖大道交汇处(光谷沃尔玛旁),光谷坐标城九台,南向,680.0,独栋,199�O,新上九台XI缺199户型南向花园户型好中间位置,无花园,卧室：6个
258,28968,关山-关山大道与南湖大道交汇处(光谷沃尔玛旁),光谷坐标城九台,东向,730.0,独栋,252�O,光谷坐标城九台红本在手满2年清水毛坯业主急需资金真实图片,无花园,卧室：6个
259,26515,民族大道-东湖新技术开发区汤逊湖北路560号,保利十二橡树庄园别墅,南向,700.0,独栋,264�O,保利十二橡树独栋别墅.带私家花园证满两年看房方便,无花园,卧室：5个
260,30044,关山-关山大道与南湖大道交汇处(光谷沃尔玛旁),光谷坐标城九台,南向,685.0,独栋,228�O,坐标城九台别墅 采光好 上叠 视野开阔 诚心出售 看房方便,无花园,卧室：5个
261,19704,光谷东-花山生态新城严西湖大桥东侧桥头(花城大道与花,碧桂园生态城别墅,南向,400.0,独栋,203�O,202平双拼别墅 使用面积300平 花园200平 南入户 满,无花园,卧室：4个
262,22321,光谷东-花山生态新城严西湖大桥东侧桥头(花城大道与花,碧桂园生态城别墅,东向,750.0,独栋,336�O,"400平米大花园 不动产证已满两年,小区中间位置",无花园,卧室：6个
